datetime,open,high,low,close,volume
2026-04-27 21:00:00,4681.63065,4682.49051,4681.63065,4682.11624,0
2026-04-27 22:00:00,4682.25617,4690.1568,4682.10168,4687.8438,0
2026-04-27 23:00:00,4687.87015,4694.95621,4687.30657,4692.72732,0
2026-04-28 00:00:00,4692.89123,4701.06814,4691.48065,4691.48065,0
2026-04-28 01:00:00,4691.70224,4691.70224,4669.05166,4671.34664,0
2026-04-28 02:00:00,4670.72783,4680.59538,4666.69598,4669.3098,0
2026-04-28 03:00:00,4669.34787,4676.14423,4669.18803,4671.31354,0
2026-04-28 04:00:00,4671.13354,4671.36918,4666.63553,4667.76168,0
2026-04-28 05:00:00,4667.89441,4667.89441,4625.52005,4633.34177,0
2026-04-28 06:00:00,4633.43196,4641.43938,4621.14554,4628.82534,0
2026-04-28 07:00:00,4628.55264,4638.27695,4622.99127,4632.18096,0
2026-04-28 08:00:00,4632.18739,4634.47199,4617.46466,4629.73865,0
2026-04-28 09:00:00,4629.76683,4629.81179,4603.08824,4605.66915,0
2026-04-28 10:00:00,4605.74035,4616.60161,4602.67022,4605.21313,0
2026-04-28 11:00:00,4604.94309,4608.81967,4557.2585,4562.48149,0
2026-04-28 12:00:00,4562.61028,4600.01268,4555.69938,4593.7365,0
2026-04-28 13:00:00,4593.50219,4593.8993,4572.78287,4580.03472,0
2026-04-28 14:00:00,4579.74785,4580.01077,4558.29421,4570.41793,0
2026-04-28 15:00:00,4571.44351,4585.29005,4566.68846,4584.73992,0
2026-04-28 16:00:00,4584.68025,4593.95056,4578.24166,4592.65477,0
2026-04-28 17:00:00,4592.5914,4600.7996,4587.53108,4594.73703,0
2026-04-28 18:00:00,4594.68403,4599.90288,4590.59973,4594.99056,0
2026-04-28 19:00:00,4594.97685,4599.74944,4593.79965,4595.0782,0
2026-04-28 20:00:00,4594.87345,4598.3613,4591.78797,4596.47098,0
2026-04-28 21:00:00,4596.3843,4597.18885,4595.18623,4595.60018,0
2026-04-28 22:00:00,4595.98767,4600.80243,4592.32097,4594.14521,0
2026-04-28 23:00:00,4594.17725,4596.64243,4588.13578,4596.02874,0
2026-04-29 00:00:00,4596.25394,4609.97231,4596.01066,4600.74007,0
2026-04-29 01:00:00,4600.79903,4600.79903,4578.38785,4583.19456,0
2026-04-29 02:00:00,4583.96762,4603.0855,4582.95784,4593.49408,0
2026-04-29 03:00:00,4593.53421,4602.69344,4592.49966,4595.64748,0
2026-04-29 04:00:00,4595.57921,4605.76779,4595.57921,4604.93424,0
2026-04-29 05:00:00,4604.90783,4606.19262,4591.99439,4592.3138,0
2026-04-29 06:00:00,4592.23074,4601.67982,4581.72647,4584.86058,0
2026-04-29 07:00:00,4584.77642,4590.10327,4566.54324,4568.14758,0
2026-04-29 08:00:00,4568.54669,4576.86489,4558.25675,4575.52366,0
2026-04-29 09:00:00,4575.87925,4581.7312,4552.64013,4555.89739,0
2026-04-29 10:00:00,4555.83118,4576.57658,4555.80866,4568.07927,0
2026-04-29 11:00:00,4568.15962,4571.58939,4559.10084,4562.86786,0
2026-04-29 12:00:00,4562.99382,4568.32655,4542.4168,4545.69234,0
2026-04-29 13:00:00,4545.74012,4553.92097,4511.1187,4523.72828,0
2026-04-29 14:00:00,4523.12376,4541.64872,4519.50092,4539.29253,0
2026-04-29 15:00:00,4539.46736,4559.1288,4537.39265,4547.22521,0
2026-04-29 16:00:00,4547.1151,4567.50481,4544.05712,4545.24447,0
2026-04-29 17:00:00,4545.21229,4554.31281,4541.96249,4546.76165,0
2026-04-29 18:00:00,4546.91006,4546.91006,4518.74934,4536.83764,0
2026-04-29 19:00:00,4537.72857,4549.71533,4534.85017,4545.53177,0
2026-04-29 20:00:00,4545.41662,4552.99378,4541.35438,4543.91802,0
2026-04-29 21:00:00,4543.88834,4544.63005,4541.8559,4541.8559,0
2026-04-29 22:00:00,4541.80885,4552.88099,4539.67141,4552.32358,0
2026-04-29 23:00:00,4552.26959,4561.22451,4550.42907,4561.22451,0
2026-04-30 00:00:00,4560.82219,4573.7529,4556.38549,4569.9546,0
2026-04-30 01:00:00,4569.78187,4582.44801,4565.40183,4579.47613,0
2026-04-30 02:00:00,4579.56483,4581.19534,4560.88954,4564.75946,0
2026-04-30 03:00:00,4564.80415,4569.85116,4556.00106,4556.47075,0
2026-04-30 04:00:00,4556.43115,4558.29769,4540.58958,4542.92899,0
2026-04-30 05:00:00,4542.94771,4568.74036,4542.92152,4563.72006,0
2026-04-30 06:00:00,4563.64871,4592.06128,4561.91754,4589.96931,0
2026-04-30 07:00:00,4589.93292,4602.61035,4585.91298,4597.64344,0
2026-04-30 08:00:00,4597.3367,4626.26581,4597.3367,4616.93591,0
2026-04-30 09:00:00,4616.86654,4630.32317,4615.87743,4625.33688,0
2026-04-30 10:00:00,4625.44566,4646.87963,4624.05318,4638.9299,0
2026-04-30 11:00:00,4639.12273,4644.9099,4628.27824,4630.02827,0
2026-04-30 12:00:00,4629.97002,4639.42187,4624.41631,4639.42187,0
2026-04-30 13:00:00,4639.62391,4644.28656,4611.57806,4612.56991,0
2026-04-30 14:00:00,4612.59573,4626.57583,4611.39146,4621.61061,0
2026-04-30 15:00:00,4621.53488,4624.75105,4613.5916,4616.41888,0
2026-04-30 16:00:00,4616.28552,4616.53237,4604.4146,4608.0711,0
2026-04-30 17:00:00,4608.19426,4621.45715,4607.87024,4616.98606,0
2026-04-30 18:00:00,4618.93373,4625.30664,4617.01833,4623.12781,0
2026-04-30 19:00:00,4623.06037,4626.71867,4614.88483,4616.16327,0
2026-04-30 20:00:00,4618.21101,4622.08176,4615.24003,4621.32118,0
2026-04-30 21:00:00,4622.38066,4623.01623,4621.07209,4622.52993,0
2026-04-30 22:00:00,4628.3708,4632.76192,4622.3537,4630.78617,0
2026-04-30 23:00:00,4630.62475,4634.0141,4627.0817,4628.06765,0
2026-05-01 00:00:00,4624.78998,4630.48426,4619.05656,4621.74636,0
2026-05-01 01:00:00,4619.44037,4623.20851,4614.39095,4621.53338,0
2026-05-01 02:00:00,4620.81848,4635.38574,4616.86237,4618.15234,0
2026-05-01 03:00:00,4618.9355,4631.80041,4617.17788,4626.76473,0
2026-05-01 04:00:00,4626.49991,4629.96217,4609.68479,4611.31714,0
2026-05-01 05:00:00,4608.95006,4616.32375,4603.45557,4605.10969,0
2026-05-01 06:00:00,4605.63314,4608.30429,4591.13632,4593.83327,0
2026-05-01 07:00:00,4595.21887,4600.1139,4575.44202,4576.6014,0
2026-05-01 08:00:00,4579.28608,4581.84698,4565.79308,4567.97655,0
2026-05-01 09:00:00,4567.91311,4572.03874,4561.49752,4562.14962,0
2026-05-01 10:00:00,4561.76442,4576.44787,4561.34636,4567.57875,0
2026-05-01 11:00:00,4567.31964,4579.44411,4563.70338,4578.10054,0
2026-05-01 12:00:00,4577.92736,4608.2278,4576.15364,4591.84455,0
2026-05-01 13:00:00,4590.54575,4626.47264,4588.2083,4624.29142,0
2026-05-01 14:00:00,4631.77749,4659.80668,4619.3638,4631.84363,0
2026-05-01 15:00:00,4631.63883,4647.23773,4620.85856,4643.53235,0
2026-05-01 16:00:00,4643.1852,4649.16803,4634.39297,4640.89334,0
2026-05-01 17:00:00,4640.44588,4642.71475,4627.43999,4629.64872,0
2026-05-01 18:00:00,4629.85743,4631.99326,4614.75226,4623.74492,0
2026-05-01 19:00:00,4623.72858,4627.65445,4608.54212,4609.296,0
2026-05-01 20:00:00,4611.13352,4617.61129,4607.53527,4614.83277,0
2026-05-01 21:00:00,4613.88092,4615.73967,4612.39694,4613.21551,0
2026-05-01 22:00:00,4613.20789,4613.46359,4613.16106,4613.24218,0
2026-05-01 23:00:00,4613.24833,4613.46414,4613.173,4613.22275,0
2026-05-02 00:00:00,4613.24228,4613.45941,4613.17279,4613.21973,0
2026-05-02 01:00:00,4613.25193,4613.45983,4613.17213,4613.20597,0
2026-05-02 02:00:00,4613.24833,4613.46226,4613.17366,4613.2078,0
2026-05-02 03:00:00,4613.24056,4613.46372,4613.17761,4613.21856,0
2026-05-02 04:00:00,4613.25773,4613.45817,4613.17218,4613.22552,0
2026-05-02 05:00:00,4613.25258,4613.46987,4613.18109,4613.25056,0
2026-05-02 06:00:00,4613.25856,4613.46775,4613.1801,4613.26667,0
2026-05-02 07:00:00,4613.2572,4613.46692,4613.17838,4613.26561,0
2026-05-02 08:00:00,4613.2373,4613.46466,4613.17355,4613.29667,0
2026-05-02 09:00:00,4613.25258,4613.46268,4613.17221,4613.30312,0
2026-05-02 10:00:00,4613.25714,4613.46867,4613.17542,4613.32095,0
2026-05-02 11:00:00,4613.2547,4613.46199,4613.17436,4613.34048,0
2026-05-02 12:00:00,4613.25045,4613.45775,4613.18129,4613.3494,0
2026-05-02 13:00:00,4613.25045,4613.45802,4613.18129,4613.35382,0
2026-05-02 14:00:00,4613.25045,4613.45802,4613.18129,4613.35344,0
2026-05-02 15:00:00,4613.25045,4613.45802,4613.18129,4613.34827,0
2026-05-02 16:00:00,4613.25045,4613.45801,4613.18128,4613.33869,0
2026-05-02 17:00:00,4613.25045,4613.45801,4613.18158,4613.32535,0
2026-05-02 18:00:00,4613.25045,4613.45777,4613.18128,4613.3092,0
2026-05-02 19:00:00,4613.25045,4613.45801,4613.18128,4613.29136,0
2026-05-02 20:00:00,4613.25045,4613.45801,4613.18128,4613.27308,0
2026-05-02 21:00:00,4613.25045,4613.45801,4613.18128,4613.2579,0
2026-05-02 22:00:00,4613.25258,4613.46013,4613.1834,4613.24249,0
2026-05-02 23:00:00,4613.25258,4613.46013,4613.1834,4613.23021,0
2026-05-03 00:00:00,4613.25258,4613.46013,4613.18375,4613.22191,0
2026-05-03 01:00:00,4613.25258,4613.45993,4613.1834,4613.21817,0
2026-05-03 02:00:00,4613.25258,4613.46012,4613.1834,4613.21926,0
2026-05-03 03:00:00,4613.25258,4613.46012,4613.1834,4613.22509,0
2026-05-03 04:00:00,4613.25258,4613.46012,4613.1834,4613.23527,0
2026-05-03 05:00:00,4613.25258,4613.46012,4613.1834,4613.24908,0
2026-05-03 06:00:00,4613.25258,4613.46012,4613.18377,4613.26555,0
2026-05-03 07:00:00,4613.25258,4613.45995,4613.1834,4613.28353,0
2026-05-03 08:00:00,4613.25258,4613.46012,4613.1834,4613.30177,0
2026-05-03 09:00:00,4613.25258,4613.46011,4613.1834,4613.31899,0
2026-05-03 10:00:00,4613.25258,4613.46011,4613.1834,4613.33398,0
2026-05-03 11:00:00,4613.25258,4613.46011,4613.1834,4613.34571,0
2026-05-03 12:00:00,4613.25258,4613.46011,4613.18339,4613.35334,0
2026-05-03 13:00:00,4613.25258,4613.46011,4613.18379,4613.35634,0
2026-05-03 14:00:00,4613.25258,4613.45997,4613.18339,4613.35452,0
2026-05-03 15:00:00,4613.25258,4613.46011,4613.18339,4613.34798,0
2026-05-03 16:00:00,4613.25258,4613.46011,4613.18339,4613.3372,0
2026-05-03 17:00:00,4613.25258,4613.4601,4613.18339,4613.32291,0
2026-05-03 18:00:00,4613.25258,4613.46088,4613.15922,4613.30103,0
2026-05-03 19:00:00,4613.24964,4613.78995,4612.97032,4613.27276,0
2026-05-03 20:00:00,4613.24907,4613.46214,4613.14138,4613.28448,0
2026-05-03 21:00:00,4613.24465,4613.46308,4612.97168,4613.1718,0
2026-05-03 22:00:00,4624.93844,4629.39094,4612.12065,4619.6522,0
2026-05-03 23:00:00,4617.97856,4620.43155,4611.6455,4614.22274,0
2026-05-04 00:00:00,4611.33873,4616.23886,4602.99194,4611.90231,0
2026-05-04 01:00:00,4612.89326,4613.18448,4595.13983,4608.34061,0
2026-05-04 02:00:00,4614.824,4616.49265,4592.59668,4608.6698,0
2026-05-04 03:00:00,4606.12826,4616.41584,4600.23921,4615.53552,0
2026-05-04 04:00:00,4614.19341,4616.59203,4605.9994,4607.11878,0
2026-05-04 05:00:00,4605.97589,4613.93413,4592.80049,4600.64322,0
2026-05-04 06:00:00,4599.81978,4600.6625,4584.84862,4588.86518,0
2026-05-04 07:00:00,4587.7546,4594.14223,4580.48889,4582.14753,0
2026-05-04 08:00:00,4577.85202,4582.3214,4573.77414,4577.77316,0
2026-05-04 09:00:00,4577.12585,4584.00183,4574.00104,4574.29902,0
2026-05-04 10:00:00,4574.77937,4577.91613,4526.40284,4563.30419,0
2026-05-04 11:00:00,4564.64055,4569.87747,4553.93291,4562.27184,0
2026-05-04 12:00:00,4560.13691,4579.27085,4559.01738,4572.1613,0
2026-05-04 13:00:00,4565.18113,4580.46016,4557.07832,4564.58445,0
2026-05-04 14:00:00,4564.02492,4582.50416,4554.16812,4566.41537,0
2026-05-04 15:00:00,4558.68667,4567.2528,4515.28867,4524.77066,0
2026-05-04 16:00:00,4521.99339,4526.32055,4503.72464,4509.24591,0
2026-05-04 17:00:00,4511.76702,4529.94632,4508.56628,4522.22308,0
2026-05-04 18:00:00,4522.329,4525.54357,4510.80337,4514.57949,0
2026-05-04 19:00:00,4516.14351,4528.71695,4507.60382,4516.37837,0
2026-05-04 20:00:00,4517.13744,4523.76833,4511.56519,4523.59841,0
2026-05-04 21:00:00,4523.13191,4524.43193,4522.43984,4523.52947,0
2026-05-04 22:00:00,4523.31923,4524.20015,4515.36386,4517.14161,0
2026-05-04 23:00:00,4517.2874,4522.16988,4516.50784,4519.57906,0
2026-05-05 00:00:00,4520.67324,4531.03469,4514.11976,4529.78586,0
2026-05-05 01:00:00,4528.02303,4541.11638,4527.09489,4540.41077,0
2026-05-05 02:00:00,4541.7378,4546.28995,4535.62669,4541.17342,0
2026-05-05 03:00:00,4538.37531,4542.64114,4534.36261,4534.53492,0
2026-05-05 04:00:00,4535.13056,4537.49484,4528.97805,4532.26023,0
2026-05-05 05:00:00,4532.44165,4551.41482,4532.06436,4544.92665,0
2026-05-05 06:00:00,4548.80154,4553.76263,4534.75674,4548.35564,0
2026-05-05 07:00:00,4549.65544,4556.70631,4544.25469,4544.81461,0
2026-05-05 08:00:00,4546.27814,4558.96811,4544.62825,4558.43343,0
2026-05-05 09:00:00,4556.62043,4560.81992,4552.49021,4554.80582,0
2026-05-05 10:00:00,4556.65218,4556.78778,4541.3711,4544.55486,0
2026-05-05 11:00:00,4543.93365,4563.75495,4540.8505,4561.23072,0
2026-05-05 12:00:00,4562.3872,4574.35258,4555.60111,4564.93456,0
2026-05-05 13:00:00,4564.88078,4583.82063,4563.2,4579.20076,0
2026-05-05 14:00:00,4578.71724,4587.17375,4569.74867,4580.63947,0
2026-05-05 15:00:00,4580.29328,4584.42992,4569.14413,4570.09942,0
2026-05-05 16:00:00,4569.40731,4570.38391,4554.56367,4562.17819,0
2026-05-05 17:00:00,4562.11751,4562.42026,4553.68656,4559.962,0
2026-05-05 18:00:00,4559.65935,4566.03133,4558.03033,4560.66694,0
2026-05-05 19:00:00,4560.50163,4560.7954,4551.91941,4554.42376,0
2026-05-05 20:00:00,4553.72777,4560.26352,4552.69747,4556.92512,0
2026-05-05 21:00:00,4556.73388,4557.74786,4556.4314,4557.29574,0
2026-05-05 22:00:00,4557.23084,4575.78654,4542.23432,4571.10808,0
2026-05-05 23:00:00,4568.57386,4595.50573,4568.48659,4593.97573,0
2026-05-06 00:00:00,4594.07205,4618.21951,4588.61576,4618.02024,0
2026-05-06 01:00:00,4617.99826,4627.70142,4609.58169,4625.62066,0
2026-05-06 02:00:00,4626.07296,4641.06778,4625.56085,4639.61682,0
2026-05-06 03:00:00,4640.17199,4650.08138,4639.24443,4643.60342,0
2026-05-06 04:00:00,4643.63505,4652.46115,4643.59072,4650.27922,0
2026-05-06 05:00:00,4650.23928,4662.86673,4643.91588,4662.21851,0
2026-05-06 06:00:00,4661.14502,4667.56573,4656.0641,4667.00811,0
2026-05-06 07:00:00,4665.55486,4678.83234,4658.09577,4678.13838,0
2026-05-06 08:00:00,4676.87602,4699.9472,4673.47626,4694.45685,0
2026-05-06 09:00:00,4694.84582,4705.2843,4687.19135,4701.47018,0
2026-05-06 10:00:00,4701.5502,4721.34846,4696.69407,4719.68323,0
2026-05-06 11:00:00,4719.4671,4722.77486,4692.24448,4695.49318,0
2026-05-06 12:00:00,4693.37736,4693.51356,4664.1791,4680.86608,0
2026-05-06 13:00:00,4677.86323,4705.43949,4669.24123,4704.08268,0
2026-05-06 14:00:00,4704.50448,4716.39425,4698.38977,4703.25284,0
2026-05-06 15:00:00,4703.28578,4705.88811,4689.04774,4690.09084,0
2026-05-06 16:00:00,4691.22749,4692.85279,4682.11892,4682.28339,0
2026-05-06 17:00:00,4682.06467,4687.57715,4678.73774,4683.41089,0
2026-05-06 18:00:00,4683.74416,4689.99156,4682.52482,4686.08235,0
2026-05-06 19:00:00,4686.54008,4699.35936,4686.15794,4695.19384,0
2026-05-06 20:00:00,4696.25027,4699.37453,4686.02718,4690.91268,0
2026-05-06 21:00:00,4690.82727,4691.31169,4689.96529,4690.32291,0
2026-05-06 22:00:00,4690.21813,4699.99614,4685.08702,4695.89043,0
2026-05-06 23:00:00,4695.72319,4699.28707,4690.41982,4698.50838,0
2026-05-07 00:00:00,4698.24922,4700.62116,4686.47483,4688.12971,0
2026-05-07 01:00:00,4687.84949,4720.5712,4686.25521,4714.90227,0
2026-05-07 02:00:00,4715.12268,4718.12519,4700.95816,4709.6844,0
2026-05-07 03:00:00,4709.58543,4709.65007,4700.24492,4700.41166,0
2026-05-07 04:00:00,4700.67147,4701.45745,4692.66243,4696.84918,0
2026-05-07 05:00:00,4696.8162,4706.11101,4695.01925,4701.86222,0
2026-05-07 06:00:00,4702.05845,4749.19581,4701.89957,4738.8545,0
2026-05-07 07:00:00,4738.54289,4750.02632,4733.2427,4743.6699,0
2026-05-07 08:00:00,4743.57354,4752.50303,4732.01933,4732.51134,0
2026-05-07 09:00:00,4732.54225,4738.93945,4723.34168,4726.94301,0
2026-05-07 10:00:00,4727.62592,4740.02165,4726.77973,4736.78053,0
2026-05-07 11:00:00,4736.99953,4742.80725,4727.73986,4742.80725,0
2026-05-07 12:00:00,4742.77748,4751.89371,4733.63444,4747.72968,0
2026-05-07 13:00:00,4746.67732,4756.02654,4729.18826,4747.39981,0
2026-05-07 14:00:00,4747.02498,4762.88795,4743.88492,4762.83661,0
2026-05-07 15:00:00,4762.66804,4765.85857,4728.66968,4728.7107,0
2026-05-07 16:00:00,4728.76171,4731.2252,4705.88235,4713.59025,0
2026-05-07 17:00:00,4713.28039,4729.41171,4691.52444,4706.11138,0
2026-05-07 18:00:00,4708.81559,4715.20181,4696.80035,4709.9256,0
2026-05-07 19:00:00,4709.45285,4711.45268,4698.4493,4705.04204,0
2026-05-07 20:00:00,4705.85651,4717.42617,4686.52351,4689.4371,0
2026-05-07 21:00:00,4688.10345,4688.45234,4685.70236,4686.72263,0
2026-05-07 22:00:00,4686.74719,4701.19201,4671.02499,4685.69447,0
2026-05-07 23:00:00,4685.90343,4704.60971,4685.37694,4703.85506,0
2026-05-08 00:00:00,4703.69144,4709.75511,4694.96041,4700.62027,0
2026-05-08 01:00:00,4700.13435,4724.66093,4699.46896,4723.88243,0
2026-05-08 02:00:00,4724.4007,4731.98438,4707.71137,4713.84166,0
2026-05-08 03:00:00,4713.8935,4730.48914,4711.36208,4720.46704,0
2026-05-08 04:00:00,4720.41101,4722.55018,4709.28429,4712.65794,0
2026-05-08 05:00:00,4714.5991,4730.30705,4710.9813,4728.40643,0
2026-05-08 06:00:00,4728.8666,4734.09993,4717.43554,4726.29828,0
2026-05-08 07:00:00,4725.91979,4727.59858,4698.45224,4708.60462,0
2026-05-08 08:00:00,4708.34723,4723.27597,4707.87628,4716.23601,0
2026-05-08 09:00:00,4716.37784,4722.03148,4707.24069,4711.43898,0
2026-05-08 10:00:00,4710.3801,4727.5073,4710.09373,4719.46322,0
2026-05-08 11:00:00,4719.33017,4727.77836,4713.01662,4718.18975,0
2026-05-08 12:00:00,4717.49905,4730.84747,4704.33269,4729.97096,0
2026-05-08 13:00:00,4730.16894,4745.95285,4717.64872,4745.47247,0
2026-05-08 14:00:00,4744.35667,4746.76034,4714.6799,4717.20187,0
2026-05-08 15:00:00,4717.73471,4722.1322,4704.29933,4706.24045,0
2026-05-08 16:00:00,4706.8584,4720.64335,4705.91543,4714.02576,0
2026-05-08 17:00:00,4713.74195,4721.93344,4712.75743,4720.60866,0
2026-05-08 18:00:00,4720.46648,4728.1426,4719.14665,4722.71128,0
2026-05-08 19:00:00,4722.66783,4726.35548,4721.65825,4724.35852,0
2026-05-08 20:00:00,4724.28718,4724.33505,4715.0711,4716.2703,0
2026-05-08 21:00:00,4716.00307,4716.00307,4714.5522,4714.83408,0
2026-05-08 22:00:00,4714.75497,4715.59408,4714.44984,4715.46658,0
2026-05-08 23:00:00,4715.36965,4715.59187,4715.30012,4715.45261,0
2026-05-09 00:00:00,4715.36734,4715.59143,4715.30177,4715.43746,0
2026-05-09 01:00:00,4715.36772,4715.5876,4715.30104,4715.44922,0
2026-05-09 02:00:00,4715.37271,4715.59185,4715.29545,4715.46494,0
2026-05-09 03:00:00,4715.37304,4715.59387,4715.30012,4715.48152,0
2026-05-09 04:00:00,4715.37341,4715.59171,4715.3003,4715.36619,0
2026-05-09 05:00:00,4715.3715,4715.59185,4715.3031,4715.36308,0
2026-05-09 06:00:00,4715.38034,4715.58786,4715.30013,4715.34543,0
2026-05-09 07:00:00,4715.3738,4715.5959,4715.3076,4715.33921,0
2026-05-09 08:00:00,4715.37432,4715.59106,4715.29882,4715.33775,0
2026-05-09 09:00:00,4715.37434,4715.58933,4715.28647,4715.33906,0
2026-05-09 10:00:00,4715.37205,4715.59632,4715.30335,4715.34504,0
2026-05-09 11:00:00,4715.37005,4715.59345,4715.29791,4715.37048,0
2026-05-09 12:00:00,4715.38191,4715.5941,4715.31127,4715.44288,0
2026-05-09 13:00:00,4715.38191,4715.5941,4715.31128,4715.42477,0
2026-05-09 14:00:00,4715.38191,4715.5941,4715.31128,4715.4224,0
2026-05-09 15:00:00,4715.38191,4715.5941,4715.31128,4715.44071,0
2026-05-09 16:00:00,4715.38191,4715.59362,4715.31128,4715.45738,0
2026-05-09 17:00:00,4715.38191,4715.5941,4715.31135,4715.47125,0
2026-05-09 18:00:00,4715.38191,4715.5941,4715.31128,4715.48134,0
2026-05-09 19:00:00,4715.38191,4715.5941,4715.31128,4715.48695,0
2026-05-09 20:00:00,4715.38191,4715.5941,4715.31129,4715.4877,0
2026-05-09 21:00:00,4715.38191,4715.5941,4715.31129,4715.48579,0
2026-05-09 22:00:00,4715.38413,4715.59579,4715.31353,4715.47702,0
2026-05-09 23:00:00,4715.38413,4715.59632,4715.31355,4715.46422,0
2026-05-10 00:00:00,4715.38413,4715.59632,4715.31353,4715.4483,0
2026-05-10 01:00:00,4715.38413,4715.59632,4715.31353,4715.46053,0
2026-05-10 02:00:00,4715.38413,4715.59632,4715.31353,4715.47729,0
2026-05-10 03:00:00,4715.38413,4715.59632,4715.31354,4715.49162,0
2026-05-10 04:00:00,4715.38413,4715.59632,4715.31354,4715.37718,0
2026-05-10 05:00:00,4715.38413,4715.59578,4715.31354,4715.36381,0
2026-05-10 06:00:00,4715.38413,4715.59632,4715.31353,4715.35432,0
2026-05-10 07:00:00,4715.38413,4715.59632,4715.31353,4715.3494,0
2026-05-10 08:00:00,4715.38413,4715.59632,4715.31353,4715.34937,0
2026-05-10 09:00:00,4715.38413,4715.59632,4715.31353,4715.35425,0
2026-05-10 10:00:00,4715.38413,4715.59632,4715.31355,4715.36369,0
2026-05-10 11:00:00,4715.38413,4715.5958,4715.31352,4715.37703,0
2026-05-10 12:00:00,4715.38413,4715.59632,4715.31352,4715.43968,0
2026-05-10 13:00:00,4715.38413,4715.59632,4715.31352,4715.42176,0
2026-05-10 14:00:00,4715.38413,4715.59632,4715.31352,4715.43017,0
2026-05-10 15:00:00,4715.38413,4715.59632,4715.31352,4715.44812,0
2026-05-10 16:00:00,4715.38413,4715.59632,4715.31351,4715.46407,0
2026-05-10 17:00:00,4715.38413,4715.59632,4715.31356,4715.47691,0
2026-05-10 18:00:00,4715.38413,4715.59137,4715.28483,4715.48584,0
2026-05-10 19:00:00,4715.38496,4715.59411,4715.20181,4715.4922,0
2026-05-10 20:00:00,4715.38857,4715.59137,4714.97949,4715.48243,0
2026-05-10 21:00:00,4715.37746,4717.81329,4713.54185,4715.61132,0
2026-05-10 22:00:00,4715.50865,4719.90218,4677.95614,4692.78201,0
2026-05-10 23:00:00,4692.79636,4698.61937,4689.99156,4692.03972,0
2026-05-11 00:00:00,4693.54404,4693.97706,4674.95028,4680.5461,0
2026-05-11 01:00:00,4679.24531,4704.43677,4677.04972,4680.2746,0
2026-05-11 02:00:00,4681.76102,4699.66641,4676.74093,4680.98509,0
2026-05-11 03:00:00,4680.22012,4690.27387,4676.65058,4678.6198,0
2026-05-11 04:00:00,4677.82041,4680.24735,4668.46813,4674.67988,0
2026-05-11 05:00:00,4673.8495,4680.88266,4649.21661,4654.09187,0
2026-05-11 06:00:00,4654.03475,4680.73061,4649.49406,4678.25659,0
2026-05-11 07:00:00,4678.2061,4680.59263,4667.00891,4667.0583,0
2026-05-11 08:00:00,4667.03364,4677.48725,4665.26709,4667.613,0
2026-05-11 09:00:00,4667.87396,4669.6241,4652.63908,4657.38783,0
2026-05-11 10:00:00,4658.22025,4667.65849,4656.03596,4665.44111,0
2026-05-11 11:00:00,4665.38587,4677.83811,4664.4639,4673.8703,0
2026-05-11 12:00:00,4673.50292,4699.81707,4667.50161,4697.36003,0
2026-05-11 13:00:00,4699.55214,4746.76034,4699.35991,4739.61196,0
2026-05-11 14:00:00,4741.99129,4743.38298,4715.12305,4724.69094,0
2026-05-11 15:00:00,4724.81657,4738.76954,4723.88871,4732.00565,0
2026-05-11 16:00:00,4731.59474,4733.05566,4710.83633,4716.23903,0
2026-05-11 17:00:00,4715.78232,4724.33505,4714.53491,4722.3717,0
2026-05-11 18:00:00,4722.49231,4728.80314,4722.32716,4726.61632,0
2026-05-11 19:00:00,4727.50254,4736.12407,4723.43516,4735.09104,0
2026-05-11 20:00:00,4734.61397,4738.48755,4730.79576,4735.46064,0
2026-05-11 21:00:00,4735.04061,4735.74541,4735.04061,4735.32364,0
2026-05-11 22:00:00,4735.21551,4755.20612,4731.64938,4751.25483,0
2026-05-11 23:00:00,4751.58068,4768.653,4748.22053,4768.11184,0
2026-05-12 00:00:00,4768.03136,4773.4977,4750.86593,4752.17651,0
2026-05-12 01:00:00,4753.95838,4754.88565,4721.8812,4725.50935,0
2026-05-12 02:00:00,4725.53044,4733.45714,4723.88871,4731.96139,0
2026-05-12 03:00:00,4731.93045,4733.46374,4718.86106,4720.13908,0
2026-05-12 04:00:00,4719.93764,4729.90853,4711.96692,4714.95597,0
2026-05-12 05:00:00,4716.05084,4720.60748,4707.96032,4716.38285,0
2026-05-12 06:00:00,4717.63926,4720.50019,4695.01973,4698.17088,0
2026-05-12 07:00:00,4697.3635,4704.19795,4689.34704,4700.78298,0
2026-05-12 08:00:00,4702.76234,4705.66091,4697.38732,4703.84724,0
2026-05-12 09:00:00,4703.78335,4704.2268,4694.33191,4699.56254,0
2026-05-12 10:00:00,4699.00091,4708.06035,4686.47483,4692.16392,0
2026-05-12 11:00:00,4692.29107,4708.36148,4686.18813,4707.51245,0
2026-05-12 12:00:00,4707.78581,4711.12471,4691.6333,4702.72013,0
2026-05-12 13:00:00,4703.30714,4708.83024,4678.72899,4680.13096,0
2026-05-12 14:00:00,4682.04966,4695.77265,4671.29817,4671.29817,0
2026-05-12 15:00:00,4671.64396,4674.64473,4641.66357,4667.20183,0
2026-05-12 16:00:00,4667.58908,4674.2302,4664.05567,4672.56871,0
2026-05-12 17:00:00,4673.15679,4682.30591,4672.02392,4678.75812,0
2026-05-12 18:00:00,4678.8898,4697.63611,4677.36969,4696.31612,0
2026-05-12 19:00:00,4696.92736,4714.7781,4694.83783,4714.6335,0
2026-05-12 20:00:00,4714.21139,4718.20938,4712.24616,4715.30897,0
2026-05-12 21:00:00,4715.18842,4715.58389,4714.53491,4715.22427,0
2026-05-12 22:00:00,4715.14178,4721.75513,4713.64601,4717.52309,0
2026-05-12 23:00:00,4717.85308,4723.79582,4715.60251,4718.26532,0
2026-05-13 00:00:00,4718.19823,4726.43751,4715.4774,4718.48726,0
2026-05-13 01:00:00,4717.41917,4717.41917,4701.9409,4702.15568,0
2026-05-13 02:00:00,4702.4395,4707.24525,4689.25946,4692.64067,0
2026-05-13 03:00:00,4692.31897,4705.67366,4688.56409,4695.45779,0
2026-05-13 04:00:00,4695.48954,4703.06841,4695.41316,4699.48621,0
2026-05-13 05:00:00,4699.35774,4707.74459,4695.71751,4703.91734,0
2026-05-13 06:00:00,4702.23185,4717.08335,4700.06046,4700.31889,0
2026-05-13 07:00:00,4699.99754,4708.22847,4697.07279,4702.2301,0
2026-05-13 08:00:00,4702.92369,4704.46127,4694.43472,4701.97358,0
2026-05-13 09:00:00,4701.82163,4702.48483,4686.69447,4699.46676,0
2026-05-13 10:00:00,4699.30667,4708.2128,4694.11795,4694.63584,0
2026-05-13 11:00:00,4695.32218,4704.87473,4691.46344,4699.29989,0
2026-05-13 12:00:00,4699.1209,4700.60861,4676.9395,4684.28109,0
2026-05-13 13:00:00,4684.24768,4694.54273,4669.46693,4682.24715,0
2026-05-13 14:00:00,4681.86735,4690.87021,4673.83512,4680.56021,0
2026-05-13 15:00:00,4680.79318,4699.44815,4679.91634,4695.45464,0
2026-05-13 16:00:00,4695.78689,4710.18978,4694.26255,4696.12943,0
2026-05-13 17:00:00,4696.21897,4701.11582,4685.87934,4687.7833,0
2026-05-13 18:00:00,4687.55265,4693.87401,4679.96024,4685.8377,0
2026-05-13 19:00:00,4687.16492,4689.77161,4683.83501,4688.41087,0
2026-05-13 20:00:00,4687.70263,4693.31661,4686.50244,4688.61014,0
2026-05-13 21:00:00,4688.76102,4689.41792,4679.05163,4688.60938,0
2026-05-13 22:00:00,4688.62161,4700.50522,4688.45234,4700.3435,0
2026-05-13 23:00:00,4700.29678,4702.32881,4693.73387,4696.63865,0
2026-05-14 00:00:00,4696.08003,4708.16224,4690.87156,4704.50626,0
2026-05-14 01:00:00,4702.43829,4709.04849,4685.59648,4685.85273,0
2026-05-14 02:00:00,4686.01702,4699.93881,4682.30557,4686.65339,0
2026-05-14 03:00:00,4687.64567,4694.1828,4674.97476,4675.84498,0
2026-05-14 04:00:00,4675.81839,4712.73847,4671.52559,4703.20367,0
2026-05-14 05:00:00,4703.23315,4703.62932,4693.36887,4694.69965,0
2026-05-14 06:00:00,4696.76132,4701.04992,4687.28087,4700.58854,0
2026-05-14 07:00:00,4700.15553,4717.47809,4693.8206,4694.19122,0
2026-05-14 08:00:00,4694.95738,4706.56715,4691.46108,4694.41254,0
2026-05-14 09:00:00,4694.61332,4701.45745,4689.42056,4700.4217,0
2026-05-14 10:00:00,4700.77011,4707.50368,4691.97204,4696.72942,0
2026-05-14 11:00:00,4696.60489,4705.07993,4689.69045,4697.82461,0
2026-05-14 12:00:00,4697.82569,4708.72946,4693.02247,4705.18492,0
2026-05-14 13:00:00,4704.1183,4705.87828,4670.08,4683.58597,0
2026-05-14 14:00:00,4683.47357,4699.55088,4674.05754,4684.73446,0
2026-05-14 15:00:00,4686.09595,4688.68234,4679.06502,4685.6819,0
2026-05-14 16:00:00,4685.78153,4686.10964,4671.58741,4678.13071,0
2026-05-14 17:00:00,4677.42986,4682.62933,4677.16308,4678.73004,0
2026-05-14 18:00:00,4678.59064,4680.46881,4668.01318,4671.10687,0
2026-05-14 19:00:00,4670.06694,4671.77064,4653.81581,4655.0795,0
2026-05-14 20:00:00,4654.85933,4658.213,4645.0047,4651.91243,0
2026-05-14 21:00:00,4651.6473,4652.26793,4651.30399,4652.02831,0
2026-05-14 22:00:00,4651.95687,4663.18,4648.777,4662.38046,0
2026-05-14 23:00:00,4662.4797,4664.83183,4649.21661,4650.57492,0
2026-05-15 00:00:00,4650.29605,4655.71023,4614.17765,4626.21241,0
2026-05-15 01:00:00,4622.35142,4629.84397,4606.99716,4614.99084,0
2026-05-15 02:00:00,4614.30628,4622.21966,4609.98061,4619.87895,0
2026-05-15 03:00:00,4621.10792,4622.90419,4609.35699,4615.9248,0
2026-05-15 04:00:00,4615.36183,4620.75128,4605.90734,4606.6718,0
2026-05-15 05:00:00,4606.63564,4606.80673,4563.59326,4569.56982,0
2026-05-15 06:00:00,4567.98975,4581.00268,4557.84223,4567.67438,0
2026-05-15 07:00:00,4567.50239,4587.39502,4567.4614,4569.7825,0
2026-05-15 08:00:00,4570.03404,4571.1148,4552.24107,4554.08644,0
2026-05-15 09:00:00,4554.94768,4560.49308,4534.70673,4544.7705,0
2026-05-15 10:00:00,4544.83443,4572.05503,4544.62825,4568.81463,0
2026-05-15 11:00:00,4568.17789,4569.08651,4550.8328,4551.87153,0
2026-05-15 12:00:00,4551.87937,4557.67741,4545.66117,4552.51953,0
2026-05-15 13:00:00,4552.53389,4556.82655,4512.32918,4534.42514,0
2026-05-15 14:00:00,4535.91049,4566.42515,4525.66688,4565.85756,0
2026-05-15 15:00:00,4564.92428,4564.95937,4533.03961,4533.95994,0
2026-05-15 16:00:00,4535.21692,4547.88333,4530.01133,4544.21449,0
2026-05-15 17:00:00,4544.11,4564.72964,4543.97041,4559.58841,0
2026-05-15 18:00:00,4559.66954,4562.61617,4553.70845,4559.23338,0
2026-05-15 19:00:00,4559.25335,4559.52057,4545.93783,4545.98597,0
2026-05-15 20:00:00,4545.96866,4547.76667,4534.12442,4540.14677,0
2026-05-15 21:00:00,4539.89139,4540.29512,4537.61684,4537.67283,0
2026-05-15 22:00:00,4537.69715,4537.9644,4537.61684,4537.72045,0
2026-05-15 23:00:00,4537.75185,4537.96621,4537.58499,4537.70856,0
2026-05-16 00:00:00,4537.7445,4537.95848,4537.67468,4537.71385,0
2026-05-16 01:00:00,4537.74818,4537.96104,4537.67701,4537.71967,0
2026-05-16 02:00:00,4537.74804,4537.96995,4537.68228,4537.73172,0
2026-05-16 03:00:00,4537.74986,4537.97331,4537.68132,4537.75333,0
2026-05-16 04:00:00,4537.75731,4537.9723,4537.68848,4537.8078,0
2026-05-16 05:00:00,4537.75519,4537.97009,4537.69292,4537.81237,0
2026-05-16 06:00:00,4537.76306,4537.97001,4537.68264,4537.81866,0
2026-05-16 07:00:00,4537.76295,4537.968,4537.67852,4537.82996,0
2026-05-16 08:00:00,4537.76491,4537.96627,4537.68479,4537.83089,0
2026-05-16 09:00:00,4537.74984,4537.95747,4537.66419,4537.83267,0
2026-05-16 10:00:00,4537.74039,4537.94869,4537.67115,4537.84592,0
2026-05-16 11:00:00,4537.74656,4537.95044,4537.67255,4537.84248,0
2026-05-16 12:00:00,4537.74039,4537.94458,4537.67239,4537.84034,0
2026-05-16 13:00:00,4537.74039,4537.94457,4537.67238,4537.83359,0
2026-05-16 14:00:00,4537.74039,4537.94457,4537.67238,4537.8227,0
2026-05-16 15:00:00,4537.74039,4537.94457,4537.67238,4537.80844,0
2026-05-16 16:00:00,4537.74039,4537.94457,4537.67238,4537.80719,0
2026-05-16 17:00:00,4537.74039,4537.94457,4537.67256,4537.82393,0
2026-05-16 18:00:00,4537.74039,4537.94422,4537.67238,4537.83877,0
2026-05-16 19:00:00,4537.74039,4537.94457,4537.67238,4537.73958,0
2026-05-16 20:00:00,4537.74039,4537.94457,4537.67238,4537.72547,0
2026-05-16 21:00:00,4537.74039,4537.94806,4537.67237,4537.72117,0
2026-05-16 22:00:00,4537.74656,4537.95073,4537.67853,4537.71455,0
2026-05-16 23:00:00,4537.74656,4537.95073,4537.67881,4537.71255,0
2026-05-17 00:00:00,4537.74656,4537.95048,4537.67853,4537.7153,0
2026-05-17 01:00:00,4537.74656,4537.95073,4537.67853,4537.72262,0
2026-05-17 02:00:00,4537.74656,4537.95073,4537.67853,4537.73399,0
2026-05-17 03:00:00,4537.74656,4537.95073,4537.67853,4537.8073,0
2026-05-17 04:00:00,4537.74656,4537.95072,4537.67852,4537.78984,0
2026-05-17 05:00:00,4537.74656,4537.95072,4537.67852,4537.78341,0
2026-05-17 06:00:00,4537.74656,4537.95072,4537.67883,4537.80114,0
2026-05-17 07:00:00,4537.74656,4537.95049,4537.67852,4537.81743,0
2026-05-17 08:00:00,4537.74656,4537.95072,4537.67852,4537.83114,0
2026-05-17 09:00:00,4537.74656,4537.95072,4537.67852,4537.84132,0
2026-05-17 10:00:00,4537.74656,4537.95072,4537.67852,4537.84726,0
2026-05-17 11:00:00,4537.74656,4537.95072,4537.67852,4537.84853,0
2026-05-17 12:00:00,4537.74656,4537.95072,4537.67884,4537.84506,0
2026-05-17 13:00:00,4537.74656,4537.95051,4537.67852,4537.83708,0
2026-05-17 14:00:00,4537.74656,4537.95071,4537.67852,4537.82515,0
2026-05-17 15:00:00,4537.74656,4537.95071,4537.67852,4537.81011,0
2026-05-17 16:00:00,4537.74656,4537.95071,4537.67852,4537.81823,0
2026-05-17 17:00:00,4537.74656,4537.95071,4537.67851,4537.83455,0
2026-05-17 18:00:00,4537.74656,4537.95071,4537.65595,4537.83214,0
2026-05-17 19:00:00,4537.73186,4537.96184,4537.41095,4537.66852,0
2026-05-17 20:00:00,4537.69007,4537.96399,4537.61684,4537.71527,0
2026-05-17 21:00:00,4537.73389,4540.33654,4537.61684,4540.17594,0
2026-05-17 22:00:00,4540.07868,4554.95988,4529.88534,4546.17578,0
2026-05-17 23:00:00,4546.55611,4548.67683,4531.3387,4536.68377,0
2026-05-18 00:00:00,4536.76036,4538.73065,4476.89916,4504.2515,0
2026-05-18 01:00:00,4504.32487,4532.58855,4492.80034,4527.18962,0
2026-05-18 02:00:00,4528.21653,4542.86497,4523.18937,4534.32519,0
2026-05-18 03:00:00,4534.27315,4547.27769,4526.32055,4543.50574,0
2026-05-18 04:00:00,4543.17839,4547.72841,4528.576,4539.89669,0
2026-05-18 05:00:00,4539.83574,4551.52401,4531.75242,4532.77725,0
2026-05-18 06:00:00,4534.62128,4547.22205,4531.41797,4546.25268,0
2026-05-18 07:00:00,4546.46972,4559.80333,4537.75084,4547.10441,0
2026-05-18 08:00:00,4547.05173,4556.62596,4542.81468,4552.41557,0
2026-05-18 09:00:00,4552.76449,4553.19592,4540.21071,4543.58589,0
2026-05-18 10:00:00,4543.45468,4547.47002,4533.65747,4540.1195,0
2026-05-18 11:00:00,4539.97176,4565.9382,4533.94261,4552.00681,0
2026-05-18 12:00:00,4553.03508,4575.15859,4544.53855,4568.38369,0
2026-05-18 13:00:00,4564.29012,4584.42213,4563.17654,4578.61437,0
2026-05-18 14:00:00,4579.41399,4579.41399,4539.88287,4545.3713,0
2026-05-18 15:00:00,4544.91706,4547.31481,4533.70812,4543.24252,0
2026-05-18 16:00:00,4543.65219,4553.66899,4535.7645,4551.77845,0
2026-05-18 17:00:00,4552.73634,4558.09289,4545.86781,4546.75188,0
2026-05-18 18:00:00,4546.33669,4548.18992,4535.94016,4536.79169,0
2026-05-18 19:00:00,4538.01712,4562.46008,4528.85758,4558.90049,0
2026-05-18 20:00:00,4560.29363,4567.49923,4557.46969,4566.17371,0
2026-05-18 21:00:00,4565.99461,4567.88167,4565.99461,4566.64109,0
2026-05-18 22:00:00,4566.55918,4578.75458,4563.41248,4573.14618,0
2026-05-18 23:00:00,4573.06048,4588.83994,4571.27513,4579.9231,0
2026-05-19 00:00:00,4580.47105,4593.46333,4564.13922,4566.96629,0
2026-05-19 01:00:00,4565.77016,4572.57412,4553.55647,4565.95635,0
2026-05-19 02:00:00,4565.44835,4565.57176,4547.10804,4547.33071,0
2026-05-19 03:00:00,4547.70493,4555.69412,4544.21521,4546.0011,0
2026-05-19 04:00:00,4545.75143,4547.58352,4538.69935,4541.72397,0
2026-05-19 05:00:00,4541.90705,4546.48784,4532.68063,4541.86365,0
2026-05-19 06:00:00,4541.79311,4553.94144,4533.69099,4548.01019,0
2026-05-19 07:00:00,4548.09596,4559.13194,4542.117,4557.08285,0
2026-05-19 08:00:00,4557.1654,4557.43421,4536.94158,4543.14034,0
2026-05-19 09:00:00,4543.38776,4546.69455,4536.39086,4545.07659,0
2026-05-19 10:00:00,4544.14289,4544.14289,4526.52544,4542.96547,0
2026-05-19 11:00:00,4542.15195,4547.4913,4531.22117,4531.41203,0
2026-05-19 12:00:00,4531.74136,4546.77218,4528.98551,4538.92434,0
2026-05-19 13:00:00,4540.27283,4540.27283,4466.8781,4506.0862,0
2026-05-19 14:00:00,4504.85039,4509.98963,4484.26905,4493.42554,0
2026-05-19 15:00:00,4490.29132,4508.36301,4490.29132,4507.85631,0
2026-05-19 16:00:00,4507.42698,4512.04253,4496.60506,4508.40677,0
2026-05-19 17:00:00,4507.94124,4510.42496,4499.84216,4500.98263,0
2026-05-19 18:00:00,4500.62374,4503.32356,4490.95073,4494.53285,0
2026-05-19 19:00:00,4494.36053,4497.21173,4481.29061,4481.56989,0
2026-05-19 20:00:00,4482.01744,4487.72607,4481.43219,4481.85399,0
2026-05-19 21:00:00,4482.10568,4482.89775,4481.87359,4482.51295,0
2026-05-19 22:00:00,4482.36415,4486.11547,4477.93826,4484.05127,0
2026-05-19 23:00:00,4483.52601,4496.20071,4480.08602,4489.48579,0
2026-05-20 00:00:00,4490.36847,4507.34698,4480.68823,4498.93306,0
2026-05-20 01:00:00,4499.65277,4501.46298,4460.3033,4479.55822,0
2026-05-20 02:00:00,4480.06293,4486.71931,4458.58039,4465.91541,0
2026-05-20 03:00:00,4464.84085,4467.93265,4454.14458,4464.34456,0
2026-05-20 04:00:00,4463.6536,4470.27269,4456.7252,4461.64976,0
2026-05-20 05:00:00,4461.52856,4478.77242,4460.06412,4472.50927,0
2026-05-20 06:00:00,4472.91841,4478.30168,4462.49275,4473.81062,0
2026-05-20 07:00:00,4473.91711,4485.31061,4472.87203,4478.40214,0
2026-05-20 08:00:00,4477.94385,4489.00216,4476.67652,4485.12818,0
2026-05-20 09:00:00,4485.14313,4490.14413,4472.59693,4485.67937,0
2026-05-20 10:00:00,4486.35591,4496.60506,4484.70715,4494.258,0
2026-05-20 11:00:00,4494.15811,4500.0962,4490.52411,4496.99403,0
2026-05-20 12:00:00,4497.66167,4505.31627,4492.9685,4495.04825,0
2026-05-20 13:00:00,4495.48189,4505.72227,4483.26821,4483.56315,0
2026-05-20 14:00:00,4484.08049,4536.79339,4467.27719,4534.67715,0
2026-05-20 15:00:00,4534.53892,4550.8328,4515.68508,4527.83509,0
2026-05-20 16:00:00,4528.98459,4535.35308,4524.27272,4532.60385,0
2026-05-20 17:00:00,4532.73096,4536.99923,4530.21654,4530.95961,0
2026-05-20 18:00:00,4531.16671,4545.66117,4530.01133,4543.17149,0
2026-05-20 19:00:00,4543.65943,4550.48645,4541.94486,4547.55672,0
2026-05-20 20:00:00,4547.29257,4548.55583,4542.56382,4544.05897,0
2026-05-20 21:00:00,4543.91433,4545.71296,4543.80225,4544.53935,0
2026-05-20 22:00:00,4544.41759,4548.76274,4535.7645,4539.88016,0
2026-05-20 23:00:00,4540.70242,4546.48784,4534.60488,4543.87923,0
2026-05-21 00:00:00,4544.69654,4551.24704,4536.18454,4545.91293,0
2026-05-21 01:00:00,4545.97766,4571.01065,4538.6702,4560.84277,0
2026-05-21 02:00:00,4560.77173,4565.94986,4532.55244,4535.96024,0
2026-05-21 03:00:00,4535.31833,4540.29512,4527.55014,4529.33521,0
2026-05-21 04:00:00,4529.18861,4540.06782,4528.11888,4538.54662,0
2026-05-21 05:00:00,4538.19667,4539.88287,4520.79566,4529.49716,0
2026-05-21 06:00:00,4528.88928,4538.64658,4519.95599,4519.95832,0
2026-05-21 07:00:00,4519.9591,4523.65874,4512.22814,4522.70244,0
2026-05-21 08:00:00,4522.20195,4535.7645,4518.54864,4534.02235,0
2026-05-21 09:00:00,4533.78052,4542.56382,4529.19063,4530.3527,0
2026-05-21 10:00:00,4530.44274,4534.91448,4506.3314,4512.77347,0
2026-05-21 11:00:00,4513.74147,4519.9783,4508.97286,4512.47463,0
2026-05-21 12:00:00,4512.28414,4520.13863,4503.08461,4503.3972,0
2026-05-21 13:00:00,4503.9758,4520.56285,4490.74906,4513.73715,0
2026-05-21 14:00:00,4514.58259,4515.59295,4499.03271,4509.1416,0
2026-05-21 15:00:00,4508.82676,4512.22814,4497.78377,4512.10232,0
2026-05-21 16:00:00,4511.8106,4519.9783,4511.21036,4518.58291,0
2026-05-21 17:00:00,4518.07784,4558.71627,4514.51553,4553.87034,0
2026-05-21 18:00:00,4555.57198,4557.70597,4527.96015,4530.30791,0
2026-05-21 19:00:00,4530.14243,4543.5958,4529.37125,4543.25781,0
2026-05-21 20:00:00,4542.96051,4544.8348,4539.04148,4543.10657,0
2026-05-21 21:00:00,4542.91896,4546.52149,4542.15116,4545.58641,0
2026-05-21 22:00:00,4545.391,4546.21565,4539.66475,4542.69344,0
2026-05-21 23:00:00,4542.51008,4545.2859,4532.88609,4535.1827,0
2026-05-22 00:00:00,4534.44967,4540.91363,4526.75415,4527.61355,0
2026-05-22 01:00:00,4528.99924,4535.97024,4520.78949,4526.40729,0
2026-05-22 02:00:00,4526.61425,4529.8242,4519.43721,4519.7539,0
2026-05-22 03:00:00,4520.42441,4529.89978,4520.17454,4529.07773,0
2026-05-22 04:00:00,4528.73379,4533.29707,4526.52544,4527.31191,0
2026-05-22 05:00:00,4527.65189,4534.5134,4509.17617,4509.96234,0
2026-05-22 06:00:00,4511.24935,4528.37024,4510.88344,4527.58336,0
2026-05-22 07:00:00,4527.24361,4528.39903,4516.71183,4522.26142,0
2026-05-22 08:00:00,4522.30084,4530.01133,4516.91585,4522.05821,0
2026-05-22 09:00:00,4522.11375,4534.73608,4515.48812,4532.67016,0
2026-05-22 10:00:00,4532.99568,4537.26087,4511.21036,4514.11565,0
2026-05-22 11:00:00,4514.20536,4524.11756,4510.5917,4520.95272,0
2026-05-22 12:00:00,4521.04239,4534.8958,4516.30386,4521.26652,0
2026-05-22 13:00:00,4521.69578,4534.32484,4511.00686,4512.55569,0
2026-05-22 14:00:00,4512.7053,4513.02194,4491.97264,4501.90761,0
2026-05-22 15:00:00,4502.05386,4521.61331,4499.31269,4521.0387,0
2026-05-22 16:00:00,4520.61321,4526.75807,4512.34118,4514.52883,0
2026-05-22 17:00:00,4513.85543,4528.57531,4513.597,4519.70775,0
2026-05-22 18:00:00,4520.43683,4520.43683,4513.32638,4514.42383,0
2026-05-22 19:00:00,4514.00194,4516.19025,4504.70742,4509.28039,0
2026-05-22 20:00:00,4508.9796,4510.39646,4504.70742,4508.84161,0
2026-05-22 21:00:00,4508.183,4509.37951,4504.3859,4505.66656,0
2026-05-22 22:00:00,4505.68775,4505.88404,4505.60989,4505.67323,0
2026-05-22 23:00:00,4505.68116,4505.88142,4505.60665,4505.72927,0
2026-05-23 00:00:00,4505.67541,4505.88435,4505.60174,4505.71582,0
2026-05-23 01:00:00,4505.67952,4505.87945,4505.608,4505.72207,0
2026-05-23 02:00:00,4505.67973,4505.88029,4505.61003,4505.73696,0
2026-05-23 03:00:00,4505.67776,4505.87896,4505.60636,4505.75246,0
2026-05-23 04:00:00,4505.67785,4505.8794,4505.60661,4505.76315,0
2026-05-23 05:00:00,4505.6759,4505.88014,4505.60786,4505.776,0
2026-05-23 06:00:00,4505.68039,4505.87825,4505.60596,4505.77848,0
2026-05-23 07:00:00,4505.67801,4505.88029,4505.61003,4505.77827,0
2026-05-23 08:00:00,4505.67841,4505.87894,4505.60799,4505.77546,0
2026-05-23 09:00:00,4505.68038,4505.8873,4505.60859,4505.76423,0
2026-05-23 10:00:00,4505.67792,4505.88015,4505.6079,4505.75123,0
2026-05-23 11:00:00,4505.67808,4505.88731,4505.60596,4505.74441,0
2026-05-23 12:00:00,4505.68572,4505.88836,4505.61814,4505.76138,0
2026-05-23 13:00:00,4505.68572,4505.88836,4505.61814,4505.7771,0
2026-05-23 14:00:00,4505.68572,4505.88836,4505.61814,4505.79033,0
2026-05-23 15:00:00,4505.68572,4505.88836,4505.61814,4505.67684,0
2026-05-23 16:00:00,4505.68572,4505.88833,4505.61814,4505.6646,0
2026-05-23 17:00:00,4505.68572,4505.88837,4505.61864,4505.65619,0
2026-05-23 18:00:00,4505.68572,4505.88837,4505.61814,4505.65222,0
2026-05-23 19:00:00,4505.68572,4505.88837,4505.61814,4505.65295,0
2026-05-23 20:00:00,4505.68572,4505.88837,4505.61814,4505.65833,0
2026-05-23 21:00:00,4505.68572,4505.88837,4505.61814,4505.66411,0
2026-05-23 22:00:00,4505.68166,4505.88429,4505.61408,4505.67742,0
2026-05-23 23:00:00,4505.68166,4505.88429,4505.6146,4505.73171,0
2026-05-24 00:00:00,4505.68166,4505.8843,4505.61408,4505.71475,0
2026-05-24 01:00:00,4505.68166,4505.8843,4505.61408,4505.72873,0
2026-05-24 02:00:00,4505.68166,4505.8843,4505.61408,4505.74564,0
2026-05-24 03:00:00,4505.68166,4505.8843,4505.61408,4505.76043,0
2026-05-24 04:00:00,4505.68166,4505.8843,4505.61408,4505.77208,0
2026-05-24 05:00:00,4505.68166,4505.88427,4505.61408,4505.77977,0
2026-05-24 06:00:00,4505.68166,4505.88431,4505.61458,4505.78297,0
2026-05-24 07:00:00,4505.68166,4505.88431,4505.61408,4505.78144,0
2026-05-24 08:00:00,4505.68166,4505.88431,4505.61408,4505.7753,0
2026-05-24 09:00:00,4505.68166,4505.88431,4505.61408,4505.76498,0
2026-05-24 10:00:00,4505.68166,4505.88431,4505.61408,4505.7512,0
2026-05-24 11:00:00,4505.68166,4505.88426,4505.61408,4505.74579,0
2026-05-24 12:00:00,4505.68166,4505.88432,4505.61456,4505.76258,0
2026-05-24 13:00:00,4505.68166,4505.88432,4505.61408,4505.77762,0
2026-05-24 14:00:00,4505.68166,4505.88432,4505.61408,4505.78984,0
2026-05-24 15:00:00,4505.68166,4505.88432,4505.61408,4505.66847,0
2026-05-24 16:00:00,4505.68166,4505.88432,4505.61408,4505.65738,0
2026-05-24 17:00:00,4505.68166,4505.88433,4505.61408,4505.65035,0
2026-05-24 18:00:00,4505.68166,4505.87897,4505.60175,4505.64178,0
2026-05-24 19:00:00,4505.67639,4505.87975,4505.6044,4505.63605,0
2026-05-24 20:00:00,4505.66863,4506.12833,4505.60465,4505.64909,0
2026-05-24 21:00:00,4505.67354,4508.76956,4503.98456,4505.68718,0
2026-05-24 22:00:00,4505.70197,4565.16777,4505.68976,4564.29359,0
2026-05-24 23:00:00,4563.44429,4579.56673,4563.44429,4568.57882,0
2026-05-25 00:00:00,4571.56663,4577.53338,4565.16777,4568.71546,0
2026-05-25 01:00:00,4569.07151,4573.9377,4561.00342,4561.82004,0
2026-05-25 02:00:00,4562.17673,4570.93228,4559.13194,4563.11183,0
2026-05-25 03:00:00,4562.45851,4564.75099,4557.64688,4561.11608,0
2026-05-25 04:00:00,4560.87335,4566.10563,4559.51033,4564.77695,0
2026-05-25 05:00:00,4564.85518,4566.21815,4552.5953,4555.26715,0
2026-05-25 06:00:00,4555.00059,4562.50561,4551.03991,4562.25745,0
2026-05-25 07:00:00,4561.53617,4565.19424,4552.30297,4564.76571,0
2026-05-25 08:00:00,4564.48798,4565.41994,4553.80914,4556.30898,0
2026-05-25 09:00:00,4556.20648,4568.92219,4554.71763,4568.81762,0
2026-05-25 10:00:00,4568.59852,4574.30826,4567.87868,4569.05312,0
2026-05-25 11:00:00,4569.24118,4576.86304,4567.87868,4570.79948,0
2026-05-25 12:00:00,4570.66073,4570.66073,4553.73406,4566.74503,0
2026-05-25 13:00:00,4567.42311,4569.96618,4560.4305,4563.78865,0
2026-05-25 14:00:00,4564.03837,4570.17504,4562.66825,4566.70157,0
2026-05-25 15:00:00,4566.43163,4573.77093,4566.00155,4571.13002,0
2026-05-25 16:00:00,4571.39735,4574.3939,4568.08734,4573.35177,0
2026-05-25 17:00:00,4573.18132,4577.5753,4563.29287,4565.10681,0
2026-05-25 18:00:00,4564.65183,4571.63756,4564.30301,4571.23621,0
2026-05-25 19:00:00,4571.14262,4571.4409,4570.75579,4571.24387,0
2026-05-25 20:00:00,4571.16262,4572.0556,4570.67957,4571.23972,0
2026-05-25 21:00:00,4571.17382,4572.08448,4570.7563,4571.2259,0
2026-05-25 22:00:00,4571.15482,4576.65904,4569.34083,4575.47807,0
2026-05-25 23:00:00,4575.77817,4580.93828,4555.39359,4561.87281,0
2026-05-26 00:00:00,4561.362,4561.362,4540.08899,4544.02091,0
2026-05-26 01:00:00,4545.3704,4550.21158,4529.57629,4536.00056,0
2026-05-26 02:00:00,4535.22304,4539.67678,4530.83231,4532.77887,0
2026-05-26 03:00:00,4533.01789,4545.45455,4530.97279,4542.16748,0
2026-05-26 04:00:00,4542.49782,4543.27237,4524.27272,4524.49545,0
2026-05-26 05:00:00,4525.00347,4535.763,4523.89618,4528.04658,0
2026-05-26 06:00:00,4527.85815,4537.98124,4527.85815,4531.60784,0
2026-05-26 07:00:00,4532.47599,4539.0586,4521.61331,4538.73093,0
2026-05-26 08:00:00,4538.00462,4538.73876,4521.00005,4523.18415,0
2026-05-26 09:00:00,4523.45578,4527.51844,4513.11781,4521.28255,0
2026-05-26 10:00:00,4519.83015,4540.08899,4519.36826,4534.96634,0
2026-05-26 11:00:00,4534.69808,4536.38178,4505.64897,4507.09739,0
2026-05-26 12:00:00,4509.7039,4524.01601,4501.04553,4520.73812,0
2026-05-26 13:00:00,4521.61696,4530.01133,4513.04269,4513.4358,0
2026-05-26 14:00:00,4514.16659,4524.65057,4509.37951,4514.53294,0
2026-05-26 15:00:00,4514.53423,4515.69203,4502.67909,4506.91393,0
2026-05-26 16:00:00,4506.90323,4510.39646,4500.24751,4505.66026,0
2026-05-26 17:00:00,4505.4691,4509.56104,4492.1583,4492.36307,0
2026-05-26 18:00:00,4492.66526,4499.84251,4482.69679,4498.98719,0
2026-05-26 19:00:00,4498.89816,4510.45845,4497.11229,4510.10731,0
2026-05-26 20:00:00,4509.50698,4511.6685,4503.85921,4507.58338,0
2026-05-26 21:00:00,4507.27263,4508.24207,4507.09405,4508.13224,0
2026-05-26 22:00:00,4507.90584,4523.86651,4498.62792,4512.54847,0
2026-05-26 23:00:00,4512.01505,4527.94941,4504.32291,4518.93727,0
2026-05-27 00:00:00,4519.16926,4525.29641,4515.35043,4516.34207,0
2026-05-27 01:00:00,4517.65738,4521.00005,4506.53122,4509.13608,0
2026-05-27 02:00:00,4509.01978,4510.8901,4498.21416,4505.41215,0
2026-05-27 03:00:00,4505.49462,4513.5801,4497.91858,4498.28195,0
2026-05-27 04:00:00,4498.99931,4516.68072,4497.21173,4509.94726,0
2026-05-27 05:00:00,4510.17328,4514.50483,4492.51505,4497.29352,0
2026-05-27 06:00:00,4497.42769,4499.48766,4481.89315,4484.95979,0
2026-05-27 07:00:00,4485.03773,4489.33782,4476.47612,4481.88939,0
2026-05-27 08:00:00,4481.79946,4499.23513,4481.07315,4496.38042,0
2026-05-27 09:00:00,4496.01539,4497.99739,4486.99529,4491.12534,0
2026-05-27 10:00:00,4491.37199,4492.83892,4443.45701,4444.38842,0
2026-05-27 11:00:00,4445.01283,4452.21307,4426.73255,4427.40303,0
2026-05-27 12:00:00,4428.79313,4466.47907,4424.7065,4439.2502,0
2026-05-27 13:00:00,4440.82617,4440.82617,4402.37728,4427.1848,0
2026-05-27 14:00:00,4426.90606,4454.68089,4425.12856,4434.55941,0
2026-05-27 15:00:00,4434.65444,4441.08896,4429.46038,4436.6639,0
2026-05-27 16:00:00,4436.4199,4453.15283,4432.73897,4450.65203,0
2026-05-27 17:00:00,4450.4116,4454.4091,4442.27267,4452.23558,0
2026-05-27 18:00:00,4453.08367,4457.71854,4448.00285,4454.44729,0
2026-05-27 19:00:00,4454.21054,4455.13677,4449.3798,4449.52383,0
2026-05-27 20:00:00,4449.88061,4459.18452,4449.88061,4456.29881,0
2026-05-27 21:00:00,4456.18342,4458.3568,4455.7323,4456.18527,0
2026-05-27 22:00:00,4456.32558,4466.27959,4455.09698,4457.68056,0
2026-05-27 23:00:00,4457.60293,4458.3351,4443.92829,4447.61698,0
2026-05-28 00:00:00,4448.15928,4457.32115,4443.50979,4456.6696,0
2026-05-28 01:00:00,4455.69908,4459.95745,4407.3535,4409.95943,0
2026-05-28 02:00:00,4409.59077,4413.12287,4392.90107,4395.8495,0
2026-05-28 03:00:00,4396.21268,4397.03286,4368.52912,4375.20015,0
2026-05-28 04:00:00,4374.03433,4381.54493,4367.19364,4374.32509,0
2026-05-28 05:00:00,4373.97787,4396.30279,4368.71997,4389.5593,0
2026-05-28 06:00:00,4390.56262,4390.56262,4374.83594,4383.17604,0
2026-05-28 07:00:00,4382.88197,4395.45831,4382.88197,4386.49782,0
2026-05-28 08:00:00,4385.52644,4395.27571,4384.48586,4386.73152,0
2026-05-28 09:00:00,4386.80372,4399.27852,4386.05724,4393.93639,0
2026-05-28 10:00:00,4394.53105,4402.95879,4378.58925,4384.03919,0
2026-05-28 11:00:00,4384.31879,4390.39382,4380.71648,4387.63154,0
2026-05-28 12:00:00,4386.93947,4430.46299,4379.24239,4426.93554,0
2026-05-28 13:00:00,4426.97342,4437.1478,4418.83392,4432.25078,0
2026-05-28 14:00:00,4431.52929,4479.08268,4422.235,4464.1492,0
2026-05-28 15:00:00,4464.94535,4485.10944,4464.94535,4479.10605,0
2026-05-28 16:00:00,4479.69566,4510.31792,4478.88207,4509.01053,0
2026-05-28 17:00:00,4509.11354,4514.67269,4501.05775,4508.56337,0
2026-05-28 18:00:00,4508.47931,4516.50784,4498.48298,4501.5216,0
2026-05-28 19:00:00,4501.98047,4503.89316,4498.00219,4498.7797,0
2026-05-28 20:00:00,4498.68202,4501.05775,4494.76221,4496.36988,0
2026-05-28 21:00:00,4496.26762,4496.6688,4493.37228,4496.48933,0
2026-05-28 22:00:00,4496.36875,4498.62792,4492.36298,4493.76226,0
2026-05-28 23:00:00,4493.79616,4496.40288,4489.49398,4495.90132,0
2026-05-29 00:00:00,4495.36324,4500.24751,4492.56508,4493.94233,0
2026-05-29 01:00:00,4494.52438,4519.85957,4494.38202,4506.28666,0
2026-05-29 02:00:00,4506.32312,4511.35289,4499.64003,4502.60336,0
2026-05-29 03:00:00,4503.23298,4503.91824,4494.78605,4500.77647,0
2026-05-29 04:00:00,4500.615,4514.87652,4500.29248,4514.32445,0
2026-05-29 05:00:00,4514.03722,4515.69203,4502.88184,4512.78656,0
2026-05-29 06:00:00,4512.05515,4523.62559,4508.91311,4522.69747,0
2026-05-29 07:00:00,4522.91406,4525.96491,4511.19029,4525.40424,0
2026-05-29 08:00:00,4525.11866,4525.12129,4510.88234,4514.77145,0
2026-05-29 09:00:00,4514.56358,4539.71079,4513.85754,4532.82625,0
2026-05-29 10:00:00,4532.42422,4542.56382,4525.5023,4537.30276,0
2026-05-29 11:00:00,4536.55926,4540.29512,4526.52544,4537.21301,0
2026-05-29 12:00:00,4535.40497,4538.85258,4513.55815,4520.66767,0
2026-05-29 13:00:00,4518.60098,4540.73854,4516.71183,4540.29256,0
2026-05-29 14:00:00,4539.50342,4569.13095,4527.18833,4567.12594,0
2026-05-29 15:00:00,4567.24481,4594.65168,4559.87938,4570.51728,0
2026-05-29 16:00:00,4569.56935,4572.68279,4560.7954,4566.86892,0
2026-05-29 17:00:00,4566.54242,4569.26671,4551.86854,4553.31377,0
2026-05-29 18:00:00,4553.01327,4561.21146,4550.8328,4554.53231,0
2026-05-29 19:00:00,4554.82078,4559.96352,4542.97656,4543.61815,0
2026-05-29 20:00:00,4544.20095,4548.96966,4539.92996,4540.15778,0
2026-05-29 21:00:00,4540.56315,4542.85519,4538.64658,4542.5261,0
2026-05-29 22:00:00,4542.45652,4542.67385,4542.35748,4542.56034,0
2026-05-29 23:00:00,4542.47097,4542.67328,4542.39666,4542.56262,0
2026-05-30 00:00:00,4542.4689,4542.67327,4542.40079,4542.56917,0
2026-05-30 01:00:00,4542.4689,4542.67383,4542.40079,4542.57109,0
2026-05-30 02:00:00,4542.4689,4542.67327,4542.39699,4542.56408,0
2026-05-30 03:00:00,4542.46438,4542.6712,4542.3974,4542.56131,0
2026-05-30 04:00:00,4542.46443,4542.66977,4542.39494,4542.55729,0
2026-05-30 05:00:00,4542.4645,4542.6712,4542.39872,4542.55214,0
2026-05-30 06:00:00,4542.46459,4542.67178,4542.39666,4542.54622,0
2026-05-30 07:00:00,4542.46469,4542.6712,4542.39836,4542.55239,0
2026-05-30 08:00:00,4542.4648,4542.67033,4542.39666,4542.56682,0
2026-05-30 09:00:00,4542.4649,4542.671,4542.39834,4542.46159,0
2026-05-30 10:00:00,4542.465,4542.6712,4542.39746,4542.44794,0
2026-05-30 11:00:00,4542.46509,4542.67248,4542.39667,4542.44204,0
2026-05-30 12:00:00,4542.4689,4542.67328,4542.4008,4542.43618,0
2026-05-30 13:00:00,4542.4689,4542.67328,4542.4008,4542.43499,0
2026-05-30 14:00:00,4542.4689,4542.67302,4542.4008,4542.43855,0
2026-05-30 15:00:00,4542.4689,4542.67329,4542.40106,4542.44661,0
2026-05-30 16:00:00,4542.4689,4542.67329,4542.4008,4542.45862,0
2026-05-30 17:00:00,4542.4689,4542.67329,4542.4008,4542.52671,0
2026-05-30 18:00:00,4542.4689,4542.67329,4542.40081,4542.50929,0
2026-05-30 19:00:00,4542.4689,4542.67329,4542.40081,4542.50887,0
2026-05-30 20:00:00,4542.4689,4542.67329,4542.40081,4542.52645,0
2026-05-30 21:00:00,4542.4689,4542.673,4542.40081,4542.5424,0
2026-05-30 22:00:00,4542.4689,4542.67329,4542.40105,4542.55558,0
2026-05-30 23:00:00,4542.4689,4542.67329,4542.40081,4542.56509,0
2026-05-31 00:00:00,4542.4689,4542.67329,4542.40081,4542.57026,0
2026-05-31 01:00:00,4542.4689,4542.67329,4542.40081,4542.57072,0
2026-05-31 02:00:00,4542.4689,4542.6733,4542.40081,4542.56645,0
2026-05-31 03:00:00,4542.4689,4542.67298,4542.40082,4542.55774,0
2026-05-31 04:00:00,4542.4689,4542.6733,4542.40103,4542.5452,0
2026-05-31 05:00:00,4542.4689,4542.6733,4542.40082,4542.5297,0
2026-05-31 06:00:00,4542.4689,4542.6733,4542.40082,4542.54354,0
2026-05-31 07:00:00,4542.4689,4542.6733,4542.40082,4542.55958,0
2026-05-31 08:00:00,4542.4689,4542.6733,4542.40082,4542.57321,0
2026-05-31 09:00:00,4542.4689,4542.6733,4542.40082,4542.46133,0
2026-05-31 10:00:00,4542.4689,4542.67296,4542.40082,4542.44865,0
2026-05-31 11:00:00,4542.4689,4542.6733,4542.40101,4542.43977,0
2026-05-31 12:00:00,4542.4689,4542.6733,4542.40082,4542.43531,0
2026-05-31 13:00:00,4542.4689,4542.6733,4542.40083,4542.43558,0
2026-05-31 14:00:00,4542.4689,4542.6733,4542.40083,4542.44056,0
2026-05-31 15:00:00,4542.4689,4542.6733,4542.40083,4542.4499,0
2026-05-31 16:00:00,4542.4689,4542.67294,4542.40083,4542.46295,0
2026-05-31 17:00:00,4542.4689,4542.6733,4542.401,4542.52134,0
2026-05-31 18:00:00,4542.4689,4542.67261,4542.35748,4542.50284,0
2026-05-31 19:00:00,4542.46887,4542.67743,4542.35748,4542.54511,0
2026-05-31 20:00:00,4542.46471,4542.84688,4542.32919,4542.5767,0
2026-05-31 21:00:00,4542.51773,4542.70067,4538.85258,4539.66479,0
2026-05-31 22:00:00,4539.55725,4547.2852,4516.71183,4537.49507,0
2026-05-31 23:00:00,4537.5712,4546.01162,4535.7645,4541.34765,0
2026-06-01 00:00:00,4542.55052,4545.66117,4535.36484,4538.07634,0
2026-06-01 01:00:00,4538.93792,4542.09382,4523.86338,4526.66818,0
2026-06-01 02:00:00,4526.03115,4535.60273,4521.81777,4522.2593,0
2026-06-01 03:00:00,4522.2963,4525.09163,4510.39646,4515.22934,0
2026-06-01 04:00:00,4514.5504,4519.77401,4509.58286,4514.02489,0
2026-06-01 05:00:00,4513.68334,4523.78096,4513.68334,4520.08158,0
2026-06-01 06:00:00,4521.42842,4521.42842,4501.26035,4502.53325,0
2026-06-01 07:00:00,4502.63206,4509.78624,4493.17038,4501.72416,0
2026-06-01 08:00:00,4500.98769,4503.89587,4491.22979,4497.31116,0
2026-06-01 09:00:00,4497.05106,4506.12833,4490.95073,4496.13743,0
2026-06-01 10:00:00,4495.98402,4510.81536,4495.74945,4503.83393,0
2026-06-01 11:00:00,4504.05892,4512.22814,4500.24751,4506.42113,0
2026-06-01 12:00:00,4506.38731,4510.10181,4497.61626,4500.10601,0
2026-06-01 13:00:00,4500.25285,4503.09932,4449.9822,4452.08909,0
2026-06-01 14:00:00,4451.87713,4461.69634,4447.44688,4456.18073,0
2026-06-01 15:00:00,4456.26078,4478.4809,4455.82017,4473.23127,0
2026-06-01 16:00:00,4473.66317,4480.88901,4463.6879,4478.99334,0
2026-06-01 17:00:00,4479.37056,4495.79643,4465.01534,4488.18058,0
2026-06-01 18:00:00,4488.61111,4490.14413,4484.90828,4487.5101,0
2026-06-01 19:00:00,4487.79165,4488.60299,4479.88531,4480.41972,0
2026-06-01 20:00:00,4480.22418,4484.88725,4479.55003,4484.65892,0
2026-06-01 21:00:00,4483.98323,4488.73601,4465.88067,4469.91272,0
2026-06-01 22:00:00,4470.00759,4494.78605,4468.68712,4485.41974,0
2026-06-01 23:00:00,4485.28546,4488.49218,4480.28674,4485.17533,0
2026-06-02 00:00:00,4484.48163,4496.80727,4477.62627,4482.27458,0
2026-06-02 01:00:00,4482.49472,4491.55587,4464.08642,4475.85735,0
2026-06-02 02:00:00,4475.48571,4486.31673,4472.87203,4485.91454,0
2026-06-02 03:00:00,4484.95653,4500.20778,4484.79468,4498.82829,0
2026-06-02 04:00:00,4498.22946,4517.23392,4498.22946,4516.84972,0
2026-06-02 05:00:00,4516.04604,4528.16519,4515.70631,4518.60616,0
2026-06-02 06:00:00,4518.32075,4536.38178,4517.17398,4535.47932,0
2026-06-02 07:00:00,4534.60551,4540.08899,4527.67487,4534.43855,0
2026-06-02 08:00:00,4534.0431,4539.0586,4526.32055,4526.41102,0
2026-06-02 09:00:00,4526.48309,4536.1947,4522.63579,4528.47563,0
2026-06-02 10:00:00,4529.08806,4533.50258,4524.47742,4533.39217,0
2026-06-02 11:00:00,4533.06777,4535.99854,4525.62809,4527.06806,0
2026-06-02 12:00:00,4527.91484,4533.70812,4514.16782,4514.83376,0
2026-06-02 13:00:00,4516.33656,4524.23017,4503.89587,4504.87514,0
2026-06-02 14:00:00,4504.74449,4506.3314,4491.35414,4501.76215,0
2026-06-02 15:00:00,4502.14,4508.68975,4501.05775,4502.02891,0
2026-06-02 16:00:00,4502.21506,4502.74892,4487.16058,4491.17467,0
2026-06-02 17:00:00,4490.64748,4492.40082,4482.64437,4484.59915,0
2026-06-02 18:00:00,4484.31248,4490.95073,4477.76652,4487.23432,0
2026-06-02 19:00:00,4487.54085,4490.70244,4483.75298,4487.2641,0
2026-06-02 20:00:00,4487.53918,4491.27966,4486.51801,4488.67153,0
2026-06-02 21:00:00,4488.40791,4489.34291,4487.92748,4489.24552,0
2026-06-02 22:00:00,4489.08823,4493.17038,4485.10612,4486.31377,0
2026-06-02 23:00:00,4486.66292,4488.42356,4462.33888,4474.21886,0
2026-06-03 00:00:00,4474.03459,4496.20071,4473.27268,4486.63196,0
2026-06-03 01:00:00,4487.23764,4487.23764,4464.88369,4475.01123,0
2026-06-03 02:00:00,4474.54975,4484.56647,4473.2722,4481.05366,0
2026-06-03 03:00:00,4480.31112,4487.32331,4480.31112,4483.93908,0
2026-06-03 04:00:00,4484.17128,4488.1289,4469.07401,4469.27482,0
2026-06-03 05:00:00,4469.32354,4474.0985,4457.73777,4458.19286,0
2026-06-03 06:00:00,4458.99118,4470.07286,4455.13677,4462.05588,0
2026-06-03 07:00:00,4461.32394,4472.46649,4453.82048,4454.31498,0
2026-06-03 08:00:00,4454.99164,4458.91113,4441.48346,4441.83416,0
2026-06-03 09:00:00,4442.28268,4459.70655,4438.96384,4440.88546,0
2026-06-03 10:00:00,4441.6736,4464.11209,4441.30847,4459.5293,0
2026-06-03 11:00:00,4459.73712,4467.68532,4458.20112,4461.7808,0
2026-06-03 12:00:00,4461.93936,4466.8781,4448.59647,4462.07739,0
2026-06-03 13:00:00,4461.46832,4465.28243,4429.09026,4443.67949,0
2026-06-03 14:00:00,4443.88884,4460.50225,4443.88884,4457.65498,0
2026-06-03 15:00:00,4457.51167,4457.72431,4437.73853,4442.0041,0
2026-06-03 16:00:00,4441.81222,4443.65446,4434.39315,4442.88944,0
2026-06-03 17:00:00,4442.16451,4447.01383,4436.28992,4438.48524,0
2026-06-03 18:00:00,4438.55353,4442.47001,4435.96682,4441.9619,0
2026-06-03 19:00:00,4441.32912,4452.32841,4441.32912,4444.04635,0
2026-06-03 20:00:00,4444.46598,4445.03712,4431.21076,4434.46857,0
2026-06-03 21:00:00,4434.26768,4434.98315,4433.79572,4434.50661,0
2026-06-03 22:00:00,4434.41872,4451.17066,4424.58298,4447.02983,0
2026-06-03 23:00:00,4447.29243,4464.08642,4441.49978,4457.63514,0
2026-06-04 00:00:00,4457.77847,4463.88715,4444.78356,4447.76251,0
2026-06-04 01:00:00,4447.83991,4473.2722,4445.43232,4465.21421,0
2026-06-04 02:00:00,4465.4544,4475.10971,4455.43984,4472.3249,0
2026-06-04 03:00:00,4472.46788,4477.47828,4459.3304,4463.72721,0
2026-06-04 04:00:00,4463.48511,4484.57924,4463.28944,4480.68768,0
2026-06-04 05:00:00,4480.36476,4482.27836,4467.67636,4469.32169,0
2026-06-04 06:00:00,4468.94922,4476.87693,4463.48866,4466.95633,0
2026-06-04 07:00:00,4467.38826,4472.49128,4459.87205,4460.19029,0
2026-06-04 08:00:00,4460.61397,4467.67636,4458.91113,4463.79734,0
2026-06-04 09:00:00,4464.12794,4475.66621,4460.18025,4469.95756,0
2026-06-04 10:00:00,4470.39325,4472.87203,4464.21003,4471.95074,0
2026-06-04 11:00:00,4471.41473,4514.67269,4469.87306,4514.15334,0
2026-06-04 12:00:00,4513.04377,4515.39736,4491.35414,4504.28119,0
2026-06-04 13:00:00,4504.60027,4515.79837,4498.2232,4501.94167,0
2026-06-04 14:00:00,4501.28038,4501.28038,4458.71232,4464.40703,0
2026-06-04 15:00:00,4463.52178,4479.16552,4463.45975,4477.83263,0
2026-06-04 16:00:00,4477.71365,4485.20515,4475.67471,4482.76326,0
2026-06-04 17:00:00,4483.08205,4483.08205,4474.83085,4478.57466,0
2026-06-04 18:00:00,4478.47946,4480.74058,4473.26142,4477.78358,0
2026-06-04 19:00:00,4477.84376,4483.08431,4476.6844,4481.3366,0
2026-06-04 20:00:00,4480.86382,4482.21991,4474.38547,4475.96582,0
2026-06-04 21:00:00,4475.678,4476.07538,4474.87358,4475.42472,0
2026-06-04 22:00:00,4475.41952,4481.29061,4469.86342,4470.15096,0
2026-06-04 23:00:00,4470.51511,4473.67244,4461.67281,4462.32826,0
2026-06-05 00:00:00,4462.38535,4466.47907,4451.56695,4461.52126,0
2026-06-05 01:00:00,4463.56351,4469.07401,4444.64544,4445.76157,0
2026-06-05 02:00:00,4446.01921,4454.79778,4438.52641,4441.15376,0
2026-06-05 03:00:00,4441.2597,4444.04942,4434.5795,4442.19147,0
2026-06-05 04:00:00,4442.34967,4446.24284,4437.34469,4445.29336,0
2026-06-05 05:00:00,4445.41401,4450.07241,4439.31457,4439.79172,0
2026-06-05 06:00:00,4440.03809,4456.32799,4429.15481,4453.00791,0
2026-06-05 07:00:00,4452.67856,4467.07764,4451.76512,4461.38895,0
2026-06-05 08:00:00,4461.59943,4466.94019,4458.92715,4463.21456,0
2026-06-05 09:00:00,4463.10937,4469.07401,4459.50767,4464.20308,0
2026-06-05 10:00:00,4463.9313,4468.55634,4461.27556,4466.51138,0
2026-06-05 11:00:00,4466.59774,4474.27293,4460.90021,4469.91985,0
2026-06-05 12:00:00,4469.45329,4476.39626,4408.76939,4411.66698,0
2026-06-05 13:00:00,4411.89295,4420.28025,4376.43126,4377.04485,0
2026-06-05 14:00:00,4378.42025,4378.66713,4342.89781,4369.46382,0
2026-06-05 15:00:00,4368.64122,4372.91128,4335.45176,4335.78068,0
2026-06-05 16:00:00,4336.26429,4343.4826,4325.63371,4343.24563,0
2026-06-05 17:00:00,4342.87369,4348.51577,4335.65754,4343.21285,0
2026-06-05 18:00:00,4342.96651,4343.0056,4315.90356,4323.41654,0
2026-06-05 19:00:00,4323.51813,4325.87841,4314.62225,4318.04163,0
2026-06-05 20:00:00,4318.15141,4330.9824,4312.20354,4328.95948,0
2026-06-05 21:00:00,4328.79582,4330.46662,4328.01662,4330.13806,0
2026-06-05 22:00:00,4330.10091,4330.30749,4330.04159,4330.15284,0
2026-06-05 23:00:00,4330.11407,4330.30868,4330.03972,4330.16053,0
2026-06-06 00:00:00,4330.10453,4330.30747,4330.04013,4330.17559,0
2026-06-06 01:00:00,4330.10444,4330.30866,4330.04193,4330.19711,0
2026-06-06 02:00:00,4330.11433,4330.30882,4330.04155,4330.19679,0
2026-06-06 03:00:00,4330.10432,4330.30697,4330.04195,4330.20144,0
2026-06-06 04:00:00,4330.10429,4330.30885,4330.04033,4330.2016,0
2026-06-06 05:00:00,4330.10429,4330.30697,4330.04153,4330.20676,0
2026-06-06 06:00:00,4330.11439,4330.30615,4330.03784,4330.19634,0
2026-06-06 07:00:00,4330.11246,4330.30991,4330.04148,4330.17654,0
2026-06-06 08:00:00,4330.10444,4330.30616,4330.04035,4330.16151,0
2026-06-06 09:00:00,4330.10466,4330.29945,4330.03823,4330.17692,0
2026-06-06 10:00:00,4330.10466,4330.30677,4330.042,4330.19334,0
2026-06-06 11:00:00,4330.10472,4330.30678,4330.03784,4330.20309,0
2026-06-06 12:00:00,4330.10279,4330.29756,4330.03784,4330.09453,0
2026-06-06 13:00:00,4330.10279,4330.29747,4330.03784,4330.08269,0
2026-06-06 14:00:00,4330.10279,4330.29756,4330.03825,4330.07453,0
2026-06-06 15:00:00,4330.10279,4330.29756,4330.03784,4330.07062,0
2026-06-06 16:00:00,4330.10279,4330.29756,4330.03784,4330.07122,0
2026-06-06 17:00:00,4330.10279,4330.29757,4330.03784,4330.07631,0
2026-06-06 18:00:00,4330.10279,4330.29757,4330.03784,4330.08551,0
2026-06-06 19:00:00,4330.10279,4330.29745,4330.03784,4330.09819,0
2026-06-06 20:00:00,4330.10279,4330.29757,4330.03824,4330.15149,0
2026-06-06 21:00:00,4330.10279,4330.29757,4330.03784,4330.13714,0
2026-06-06 22:00:00,4330.10466,4330.29946,4330.03972,4330.14917,0
2026-06-06 23:00:00,4330.10466,4330.29946,4330.03972,4330.16547,0
2026-06-07 00:00:00,4330.10466,4330.29946,4330.03972,4330.1798,0
2026-06-07 01:00:00,4330.10466,4330.29946,4330.03972,4330.19115,0
2026-06-07 02:00:00,4330.10466,4330.2993,4330.03972,4330.19871,0
2026-06-07 03:00:00,4330.10466,4330.29946,4330.04007,4330.20198,0
2026-06-07 04:00:00,4330.10466,4330.29946,4330.03973,4330.20071,0
2026-06-07 05:00:00,4330.10466,4330.29946,4330.03973,4330.195,0
2026-06-07 06:00:00,4330.10466,4330.29947,4330.03973,4330.18524,0
2026-06-07 07:00:00,4330.10466,4330.29947,4330.03973,4330.17212,0
2026-06-07 08:00:00,4330.10466,4330.29929,4330.03973,4330.16557,0
2026-06-07 09:00:00,4330.10466,4330.29947,4330.04005,4330.18176,0
2026-06-07 10:00:00,4330.10466,4330.29947,4330.03973,4330.1963,0
2026-06-07 11:00:00,4330.10466,4330.29947,4330.03973,4330.20819,0
2026-06-07 12:00:00,4330.10466,4330.29947,4330.03973,4330.09253,0
2026-06-07 13:00:00,4330.10466,4330.29947,4330.03973,4330.08171,0
2026-06-07 14:00:00,4330.10466,4330.29947,4330.03973,4330.07478,0
2026-06-07 15:00:00,4330.10466,4330.29927,4330.04004,4330.0722,0
2026-06-07 16:00:00,4330.10466,4330.29948,4330.03973,4330.07416,0
2026-06-07 17:00:00,4330.10466,4330.29948,4330.03973,4330.08053,0
2026-06-07 18:00:00,4330.10466,4330.30058,4330.0326,4330.09264,0
2026-06-07 19:00:00,4330.10654,4331.8172,4329.40081,4330.16762,0
2026-06-07 20:00:00,4330.16116,4330.38087,4329.00433,4330.1492,0
2026-06-07 21:00:00,4330.10644,4331.36536,4329.37917,4329.91608,0
2026-06-07 22:00:00,4330.21391,4332.8969,4309.97328,4320.09727,0
2026-06-07 23:00:00,4320.20177,4347.182,4319.84103,4343.47444,0
2026-06-08 00:00:00,4343.90617,4352.93606,4340.27778,4343.45487,0
2026-06-08 01:00:00,4343.36404,4343.36404,4303.66932,4324.75225,0
2026-06-08 02:00:00,4325.27574,4330.03329,4307.84527,4312.93193,0
2026-06-08 03:00:00,4312.87671,4317.23007,4304.40771,4315.74007,0
2026-06-08 04:00:00,4315.43505,4322.17355,4307.9309,4309.24093,0
2026-06-08 05:00:00,4309.47875,4318.61325,4268.19299,4291.08141,0
2026-06-08 06:00:00,4287.73335,4311.64576,4287.73335,4299.80081,0
2026-06-08 07:00:00,4299.3729,4317.33091,4294.53152,4298.2353,0
2026-06-08 08:00:00,4297.88433,4297.88433,4284.85731,4289.36555,0
2026-06-08 09:00:00,4288.95894,4302.27293,4272.52932,4293.60615,0
2026-06-08 10:00:00,4293.31368,4304.7783,4288.08593,4301.44856,0
2026-06-08 11:00:00,4300.92356,4332.94337,4297.74798,4329.81447,0
2026-06-08 12:00:00,4330.24886,4333.88444,4321.52118,4333.57029,0
